dimension,block_size,failures,mode,rw_ratio,read_user,read_proc,read_wall,write_user,write_proc,write_wall
4,32,0,l,0.1,3.4812e+08,3.4812e+08,3.47772e+08,3.86933e+07,3.86933e+07,3.86546e+07
4,32,0,l,0.5,8.96982e+07,8.96982e+07,8.96085e+07,8.96997e+07,8.96997e+07,8.961e+07
4,32,0,l,0.9,1.21092e+07,1.21092e+07,1.20971e+07,1.08976e+08,1.08976e+08,1.08867e+08
4,32,0,r,0.1,2.89593e+08,2.89593e+08,2.89303e+08,3.2164e+07,3.2164e+07,3.21318e+07
4,32,0,r,0.5,8.03519e+07,8.03519e+07,8.02716e+07,8.03363e+07,8.03363e+07,8.0256e+07
4,32,0,r,0.9,1.09769e+07,1.09769e+07,1.0966e+07,9.88205e+07,9.88205e+07,9.87217e+07
4,32,1,l,0.1,2.92385e+08,2.92385e+08,2.92092e+08,3.24956e+07,3.24956e+07,3.24631e+07
4,32,1,l,0.5,7.70561e+07,7.70561e+07,7.6979e+07,7.70416e+07,7.70416e+07,7.69645e+07
4,32,1,l,0.9,1.03591e+07,1.03591e+07,1.03488e+07,9.32426e+07,9.32426e+07,9.31494e+07
4,32,1,r,0.1,2.44791e+08,2.44791e+08,2.44546e+08,2.71978e+07,2.71978e+07,2.71706e+07
4,32,1,r,0.5,6.9506e+07,6.9506e+07,6.94365e+07,6.95004e+07,6.95004e+07,6.94309e+07
4,32,1,r,0.9,9.52826e+06,9.52826e+06,9.5092e+06,8.57569e+07,8.57569e+07,8.55854e+07
4,32,2,l,0.1,1.43893e+08,1.43893e+08,1.43605e+08,1.59812e+07,1.59812e+07,1.59492e+07
4,32,2,l,0.5,4.38625e+07,4.38625e+07,4.38187e+07,4.3857e+07,4.3857e+07,4.38132e+07
4,32,2,l,0.9,6.21332e+06,6.21332e+06,6.20711e+06,5.58977e+07,5.58977e+07,5.58418e+07
4,32,2,r,0.1,1.42341e+08,1.42341e+08,1.42198e+08,1.58063e+07,1.58063e+07,1.57905e+07
4,32,2,r,0.5,4.90235e+07,4.90235e+07,4.89745e+07,4.90161e+07,4.90161e+07,4.8967e+07
4,32,2,r,0.9,6.21641e+06,6.21641e+06,6.2102e+06,5.59215e+07,5.59215e+07,5.58656e+07
4,32,3,l,0.1,6.82668e+07,6.82668e+07,6.81985e+07,7.58724e+06,7.58724e+06,7.57965e+06
4,32,3,l,0.5,2.2334e+07,2.2334e+07,2.23116e+07,2.2327e+07,2.2327e+07,2.23047e+07
4,32,3,l,0.9,3.86751e+06,3.86751e+06,3.86364e+06,3.47969e+07,3.47969e+07,3.47621e+07
4,32,3,r,0.1,7.17837e+07,7.17837e+07,7.17119e+07,7.9739e+06,7.9739e+06,7.96593e+06
4,32,3,r,0.5,2.52673e+07,2.52673e+07,2.5242e+07,2.52803e+07,2.52803e+07,2.52551e+07
4,32,3,r,0.9,3.61823e+06,3.61823e+06,3.61461e+06,3.25332e+07,3.25332e+07,3.25007e+07
4,512,0,l,0.1,2.57991e+09,2.57216e+09,2.56959e+09,2.86641e+08,2.8578e+08,2.85494e+08
4,512,0,l,0.5,7.1128e+08,7.10568e+08,7.09857e+08,7.11427e+08,7.10715e+08,7.10004e+08
4,512,0,l,0.9,9.8914e+07,9.8716e+07,9.86173e+07,8.90419e+08,8.88636e+08,8.87748e+08
4,512,0,r,0.1,1.61614e+09,1.6129e+09,1.61129e+09,1.79475e+08,1.79116e+08,1.78937e+08
4,512,0,r,0.5,3.98821e+08,3.98421e+08,3.97624e+08,3.98835e+08,3.98435e+08,3.97638e+08
4,512,0,r,0.9,5.15027e+07,5.1348e+07,5.12967e+07,4.63427e+08,4.62036e+08,4.61573e+08
4,512,1,l,0.1,2.18119e+09,2.17682e+09,2.17465e+09,2.42207e+08,2.41722e+08,2.41481e+08
4,512,1,l,0.5,5.63744e+08,5.62616e+08,5.62053e+08,5.63666e+08,5.62538e+08,5.61975e+08
4,512,1,l,0.9,7.51346e+07,7.49842e+07,7.49092e+07,6.76071e+08,6.74717e+08,6.74043e+08
4,512,1,r,0.1,1.24922e+09,1.24546e+09,1.24173e+09,1.38713e+08,1.38296e+08,1.37881e+08
4,512,1,r,0.5,3.19255e+08,3.18935e+08,3.18616e+08,3.19273e+08,3.18953e+08,3.18634e+08
4,512,1,r,0.9,4.13216e+07,4.12388e+07,4.11564e+07,3.72407e+08,3.7166e+08,3.70917e+08
4,512,2,l,0.1,1.17657e+09,1.17539e+09,1.17422e+09,1.30747e+08,1.30616e+08,1.30485e+08
4,512,2,l,0.5,3.15334e+08,3.15017e+08,3.13757e+08,3.1554e+08,3.15223e+08,3.13962e+08
4,512,2,l,0.9,3.93877e+07,3.93483e+07,3.93089e+07,3.54773e+08,3.54418e+08,3.54063e+08
4,512,2,r,0.1,7.40835e+08,7.39352e+08,7.38613e+08,8.24204e+07,8.22554e+07,8.21731e+07
4,512,2,r,0.5,2.27716e+08,2.27488e+08,2.27033e+08,2.27455e+08,2.27227e+08,2.26773e+08
4,512,2,r,0.9,2.95541e+07,2.94949e+07,2.94654e+07,2.65727e+08,2.65195e+08,2.6493e+08
4,512,3,l,0.1,4.70798e+08,4.70798e+08,4.70328e+08,5.23519e+07,5.23519e+07,5.22996e+07
4,512,3,l,0.5,1.82866e+08,1.82683e+08,1.825e+08,1.82669e+08,1.82486e+08,1.82304e+08
4,512,3,l,0.9,2.26923e+07,2.26923e+07,2.26696e+07,2.04084e+08,2.04084e+08,2.0388e+08
4,512,3,r,0.1,3.71168e+08,3.70796e+08,3.70055e+08,4.12476e+07,4.12063e+07,4.11239e+07
4,512,3,r,0.5,1.21442e+08,1.2132e+08,1.21199e+08,1.21248e+08,1.21126e+08,1.21005e+08
4,512,3,r,0.9,1.99675e+07,1.99475e+07,1.99276e+07,1.79882e+08,1.79701e+08,1.79522e+08
4,1024,0,l,0.1,4.1661e+09,4.1494e+09,4.1411e+09,4.62673e+08,4.60818e+08,4.59897e+08
4,1024,0,l,0.5,1.07797e+09,1.07149e+09,1.06935e+09,1.07752e+09,1.07104e+09,1.0689e+09
4,1024,0,l,0.9,1.55359e+08,1.54582e+08,1.54427e+08,1.39927e+09,1.39226e+09,1.39087e+09
4,1024,0,r,0.1,2.65787e+09,2.64457e+09,2.64192e+09,2.95086e+08,2.93609e+08,2.93316e+08
4,1024,0,r,0.5,6.09543e+08,6.06492e+08,6.05885e+08,6.10099e+08,6.07045e+08,6.06438e+08
4,1024,0,r,0.9,7.6682e+07,7.62983e+07,7.6222e+07,6.88957e+08,6.85509e+08,6.84824e+08
4,1024,1,l,0.1,3.25709e+09,3.24405e+09,3.24081e+09,3.62161e+08,3.60711e+08,3.60351e+08
4,1024,1,l,0.5,7.86321e+08,7.83958e+08,7.8239e+08,7.86634e+08,7.8427e+08,7.82701e+08
4,1024,1,l,0.9,1.0397e+08,1.0345e+08,1.03346e+08,9.34852e+08,9.30173e+08,9.29243e+08
4,1024,1,r,0.1,1.91521e+09,1.90946e+09,1.90564e+09,2.13061e+08,2.1242e+08,2.11995e+08
4,1024,1,r,0.5,4.44708e+08,4.43371e+08,4.42484e+08,4.45161e+08,4.43823e+08,4.42935e+08
4,1024,1,r,0.9,5.68106e+07,5.65262e+07,5.64697e+07,5.10581e+08,5.08025e+08,5.07517e+08
4,1024,2,l,0.1,1.40396e+09,1.39833e+09,1.39694e+09,1.55956e+08,1.55332e+08,1.55176e+08
4,1024,2,l,0.5,4.48504e+08,4.46706e+08,4.45813e+08,4.48431e+08,4.46633e+08,4.4574e+08
4,1024,2,l,0.9,6.18629e+07,6.16152e+07,6.15536e+07,5.57618e+08,5.55385e+08,5.5483e+08
4,1024,2,r,0.1,8.21518e+08,8.18229e+08,8.17411e+08,9.10915e+07,9.07268e+07,9.06361e+07
4,1024,2,r,0.5,2.70578e+08,2.69765e+08,2.69225e+08,2.70555e+08,2.69742e+08,2.69202e+08
4,1024,2,r,0.9,3.56387e+07,3.5496e+07,3.54605e+07,3.20469e+08,3.19185e+08,3.18866e+08
4,1024,3,l,0.1,5.62214e+08,5.60524e+08,5.59403e+08,6.23887e+07,6.22011e+07,6.20767e+07
4,1024,3,l,0.5,1.81649e+08,1.81103e+08,1.80922e+08,1.81421e+08,1.80876e+08,1.80695e+08
4,1024,3,l,0.9,2.87243e+07,2.86668e+07,2.86094e+07,2.5809e+08,2.57572e+08,2.57057e+08
4,1024,3,r,0.1,4.24788e+08,4.23512e+08,4.23089e+08,4.71654e+07,4.70237e+07,4.69767e+07
4,1024,3,r,0.5,1.43327e+08,1.4304e+08,1.42754e+08,1.43306e+08,1.43018e+08,1.42732e+08
4,1024,3,r,0.9,2.1688e+07,2.16228e+07,2.15796e+07,1.95215e+08,1.94628e+08,1.94239e+08
4,2048,0,l,0.1,5.16231e+09,5.1158e+09,5.11069e+09,5.73437e+08,5.68271e+08,5.67703e+08
4,2048,0,l,0.5,1.35766e+09,1.34407e+09,1.34272e+09,1.35764e+09,1.34405e+09,1.34271e+09
4,2048,0,l,0.9,1.91057e+08,1.89526e+08,1.89147e+08,1.71936e+09,1.70557e+09,1.70216e+09
4,2048,0,r,0.1,3.82953e+09,3.78353e+09,3.77975e+09,4.25552e+08,4.2044e+08,4.20019e+08
4,2048,0,r,0.5,8.20371e+08,8.12151e+08,8.10527e+08,8.20694e+08,8.1247e+08,8.10845e+08
4,2048,0,r,0.9,1.02444e+08,1.01214e+08,1.01113e+08,9.21203e+08,9.10138e+08,9.09227e+08
4,2048,1,l,0.1,3.76416e+09,3.73776e+09,3.73029e+09,4.18234e+08,4.153e+08,4.1447e+08
4,2048,1,l,0.5,9.21862e+08,9.15402e+08,9.14487e+08,9.20315e+08,9.13867e+08,9.12953e+08
4,2048,1,l,0.9,1.22055e+08,1.20955e+08,1.20713e+08,1.10096e+09,1.09103e+09,1.08885e+09
4,2048,1,r,0.1,2.52983e+09,2.50704e+09,2.50453e+09,2.81027e+08,2.78496e+08,2.78217e+08
4,2048,1,r,0.5,5.54256e+08,5.48147e+08,5.47051e+08,5.53482e+08,5.47382e+08,5.46287e+08
4,2048,1,r,0.9,6.90043e+07,6.83136e+07,6.82453e+07,6.21512e+08,6.15291e+08,6.14675e+08
4,2048,2,l,0.1,1.73637e+09,1.7242e+09,1.72248e+09,1.92878e+08,1.91527e+08,1.91335e+08
4,2048,2,l,0.5,4.60627e+08,4.58321e+08,4.57863e+08,4.60636e+08,4.5833e+08,4.57872e+08
4,2048,2,l,0.9,6.26138e+07,6.21119e+07,6.19876e+07,5.63756e+08,5.59237e+08,5.58118e+08
4,2048,2,r,0.1,1.17799e+09,1.16855e+09,1.16739e+09,1.30977e+08,1.29928e+08,1.29798e+08
4,2048,2,r,0.5,3.3514e+08,3.32456e+08,3.32124e+08,3.35164e+08,3.3248e+08,3.32147e+08
4,2048,2,r,0.9,4.3307e+07,4.29602e+07,4.29173e+07,3.89923e+08,3.868e+08,3.86414e+08
4,2048,3,l,0.1,7.00339e+08,6.97532e+08,6.96137e+08,7.7612e+07,7.73009e+07,7.71463e+07
4,2048,3,l,0.5,2.21512e+08,2.20403e+08,2.20183e+08,2.21084e+08,2.19978e+08,2.19758e+08
4,2048,3,l,0.9,3.10595e+07,3.09041e+07,3.08732e+07,2.80948e+08,2.79542e+08,2.79262e+08
4,2048,3,r,0.1,5.25248e+08,5.22619e+08,5.22096e+08,5.81721e+07,5.78809e+07,5.7823e+07
4,2048,3,r,0.5,1.59334e+08,1.58376e+08,1.5806e+08,1.59611e+08,1.58651e+08,1.58334e+08
4,2048,3,r,0.9,2.26592e+07,2.25684e+07,2.25233e+07,2.03847e+08,2.0303e+08,2.02624e+08
4,4096,0,l,0.1,6.39846e+09,6.27665e+09,6.2641e+09,7.10718e+08,6.97188e+08,6.95793e+08
4,4096,0,l,0.5,1.59839e+09,1.56796e+09,1.56483e+09,1.59865e+09,1.56821e+09,1.56508e+09
4,4096,0,l,0.9,2.23557e+08,2.19301e+08,2.18862e+08,2.01057e+09,1.97229e+09,1.96835e+09
4,4096,0,r,0.1,4.84895e+09,4.72748e+09,4.71803e+09,5.38209e+08,5.24727e+08,5.23677e+08
4,4096,0,r,0.5,1.0369e+09,1.01199e+09,1.01098e+09,1.0357e+09,1.01082e+09,1.00981e+09
4,4096,0,r,0.9,1.2867e+08,1.2545e+08,1.25325e+08,1.16012e+09,1.13109e+09,1.12996e+09
4,4096,1,l,0.1,4.4103e+09,4.34401e+09,4.33532e+09,4.89848e+08,4.82486e+08,4.81521e+08
4,4096,1,l,0.5,1.01785e+09,1.00051e+09,9.98507e+08,1.01671e+09,9.99392e+08,9.97393e+08
4,4096,1,l,0.9,1.30903e+08,1.28937e+08,1.28808e+08,1.17733e+09,1.15966e+09,1.1585e+09
4,4096,1,r,0.1,3.00769e+09,2.95043e+09,2.94453e+09,3.34995e+08,3.28617e+08,3.2796e+08
4,4096,1,r,0.5,6.43808e+08,6.30918e+08,6.30288e+08,6.44263e+08,6.31365e+08,6.30733e+08
4,4096,1,r,0.9,7.97722e+07,7.83349e+07,7.82565e+07,7.15993e+08,7.03092e+08,7.02389e+08
4,4096,2,l,0.1,1.70968e+09,1.68563e+09,1.6772e+09,1.90064e+08,1.87389e+08,1.86452e+08
4,4096,2,l,0.5,5.10972e+08,5.04828e+08,5.03818e+08,5.11756e+08,5.05603e+08,5.04592e+08
4,4096,2,l,0.9,6.58417e+07,6.49849e+07,6.492e+07,5.91664e+08,5.83965e+08,5.83381e+08
4,4096,2,r,0.1,1.36988e+09,1.34931e+09,1.34796e+09,1.52184e+08,1.49899e+08,1.49749e+08
4,4096,2,r,0.5,3.53043e+08,3.47742e+08,3.47394e+08,3.52476e+08,3.47184e+08,3.46837e+08
4,4096,2,r,0.9,4.44443e+07,4.36435e+07,4.35999e+07,4.00563e+08,3.93346e+08,3.92953e+08
4,4096,3,l,0.1,6.10587e+08,3.36496e+08,3.35823e+08,6.78573e+07,3.73963e+07,3.73215e+07
4,4096,3,l,0.5,2.37617e+08,1.68639e+08,1.68471e+08,2.3689e+08,1.68123e+08,1.67955e+08
4,4096,3,l,0.9,3.2826e+07,2.41184e+07,2.40943e+07,2.97749e+08,2.18766e+08,2.18547e+08
4,4096,3,r,0.1,6.2467e+08,6.16541e+08,6.15925e+08,6.96424e+07,6.87361e+07,6.86674e+07
4,4096,3,r,0.5,1.92578e+08,1.90648e+08,1.90267e+08,1.92732e+08,1.90801e+08,1.90419e+08
4,4096,3,r,0.9,2.65942e+07,1.94066e+07,1.93872e+07,2.38069e+08,1.73726e+08,1.73552e+08
6,32,0,l,0.1,3.44541e+08,3.44541e+08,3.44197e+08,3.82784e+07,3.82784e+07,3.82401e+07
6,32,0,l,0.5,8.65227e+07,8.65227e+07,8.64362e+07,8.65379e+07,8.65379e+07,8.64514e+07
6,32,0,l,0.9,1.17004e+07,1.17004e+07,1.16887e+07,1.05221e+08,1.05221e+08,1.05115e+08
6,32,0,r,0.1,2.84886e+08,2.84886e+08,2.84601e+08,3.16425e+07,3.16425e+07,3.16108e+07
6,32,0,r,0.5,7.83183e+07,7.83183e+07,7.824e+07,7.83419e+07,7.83419e+07,7.82636e+07
6,32,0,r,0.9,1.02406e+07,1.02406e+07,1.02304e+07,9.2052e+07,9.2052e+07,9.196e+07
6,32,1,l,0.1,2.83012e+08,2.83012e+08,2.82729e+08,3.1447e+07,3.1447e+07,3.14155e+07
6,32,1,l,0.5,7.19158e+07,7.19158e+07,7.18439e+07,7.19166e+07,7.19166e+07,7.18447e+07
6,32,1,l,0.9,9.6632e+06,9.6632e+06,9.65354e+06,8.69905e+07,8.69905e+07,8.69035e+07
6,32,1,r,0.1,2.39074e+08,2.39074e+08,2.38835e+08,2.65734e+07,2.65734e+07,2.65468e+07
6,32,1,r,0.5,6.57224e+07,6.57224e+07,6.56567e+07,6.5708e+07,6.5708e+07,6.56423e+07
6,32,1,r,0.9,8.59097e+06,8.59097e+06,8.58238e+06,7.73471e+07,7.73471e+07,7.72697e+07
6,32,2,l,0.1,1.11125e+08,1.11125e+08,1.11014e+08,1.23453e+07,1.23453e+07,1.23329e+07
6,32,2,l,0.5,3.65188e+07,3.65188e+07,3.64822e+07,3.65013e+07,3.65013e+07,3.64647e+07
6,32,2,l,0.9,5.39306e+06,5.39306e+06,5.38767e+06,4.86189e+07,4.86189e+07,4.85703e+07
6,32,2,r,0.1,1.18009e+08,1.18009e+08,1.17891e+08,1.31205e+07,1.31205e+07,1.31074e+07
6,32,2,r,0.5,3.62037e+07,3.62037e+07,3.61675e+07,3.62178e+07,3.62178e+07,3.61815e+07
6,32,2,r,0.9,5.08708e+06,5.08708e+06,5.082e+06,4.57608e+07,4.57608e+07,4.5715e+07
6,32,3,l,0.1,5.16526e+07,5.16526e+07,5.16009e+07,5.74779e+06,5.74779e+06,5.74204e+06
6,32,3,l,0.5,1.63605e+07,1.63605e+07,1.63441e+07,1.63644e+07,1.63644e+07,1.6348e+07
6,32,3,l,0.9,2.32165e+06,2.32165e+06,2.31933e+06,2.09068e+07,2.09068e+07,2.08859e+07
6,32,3,r,0.1,5.32515e+07,5.32515e+07,5.31982e+07,5.91268e+06,5.91268e+06,5.90677e+06
6,32,3,r,0.5,1.5558e+07,1.5558e+07,1.55425e+07,1.5562e+07,1.5562e+07,1.55465e+07
6,32,3,r,0.9,2.19004e+06,2.19004e+06,2.18785e+06,1.97356e+07,1.97356e+07,1.97158e+07
6,512,0,l,0.1,2.60689e+09,2.59906e+09,2.59646e+09,2.89616e+08,2.88746e+08,2.88458e+08
6,512,0,l,0.5,7.0831e+08,7.05474e+08,7.04769e+08,7.08291e+08,7.05455e+08,7.0475e+08
6,512,0,l,0.9,9.7264e+07,9.69719e+07,9.6875e+07,8.74809e+08,8.72181e+08,8.71309e+08
6,512,0,r,0.1,1.56856e+09,1.56385e+09,1.56229e+09,1.74226e+08,1.73703e+08,1.73529e+08
6,512,0,r,0.5,3.83375e+08,3.82607e+08,3.81842e+08,3.83157e+08,3.82389e+08,3.81624e+08
6,512,0,r,0.9,4.93426e+07,4.91944e+07,4.91452e+07,4.43222e+08,4.41891e+08,4.41449e+08
6,512,1,l,0.1,2.0409e+09,2.03478e+09,2.03274e+09,2.26722e+08,2.26041e+08,2.25815e+08
6,512,1,l,0.5,4.79357e+08,4.78397e+08,4.77919e+08,4.79508e+08,4.78548e+08,4.78069e+08
6,512,1,l,0.9,6.16501e+07,6.14648e+07,6.13418e+07,5.55181e+08,5.53512e+08,5.52405e+08
6,512,1,r,0.1,1.0951e+09,1.09181e+09,1.09072e+09,1.21588e+08,1.21223e+08,1.21102e+08
6,512,1,r,0.5,2.62896e+08,2.62106e+08,2.61844e+08,2.62932e+08,2.62143e+08,2.61881e+08
6,512,1,r,0.9,3.34978e+07,3.33971e+07,3.33303e+07,3.01274e+08,3.00369e+08,2.99768e+08
6,512,2,l,0.1,8.11896e+08,8.09458e+08,8.08649e+08,9.02057e+07,8.99348e+07,8.98449e+07
6,512,2,l,0.5,2.26306e+08,2.25853e+08,2.25627e+08,2.264e+08,2.25947e+08,2.25721e+08
6,512,2,l,0.9,2.70901e+07,2.70088e+07,2.69818e+07,2.43825e+08,2.43093e+08,2.4285e+08
6,512,2,r,0.1,5.0625e+08,5.05237e+08,5.04732e+08,5.62043e+07,5.60918e+07,5.60357e+07
6,512,2,r,0.5,1.37846e+08,1.3757e+08,1.37295e+08,1.37916e+08,1.37639e+08,1.37364e+08
6,512,2,r,0.9,1.92543e+07,1.91965e+07,1.91773e+07,1.72953e+08,1.72434e+08,1.72261e+08
6,512,3,l,0.1,3.12567e+08,3.12254e+08,3.11941e+08,3.47115e+07,3.46768e+07,3.46421e+07
6,512,3,l,0.5,9.55321e+07,9.54364e+07,9.5341e+07,9.54837e+07,9.53881e+07,9.52927e+07
6,512,3,l,0.9,1.27896e+07,1.27512e+07,1.27257e+07,1.15532e+08,1.15185e+08,1.14955e+08
6,512,3,r,0.1,2.39134e+08,2.38655e+08,2.38417e+08,2.65354e+07,2.64822e+07,2.64558e+07
6,512,3,r,0.5,7.55118e+07,7.53607e+07,7.52853e+07,7.54848e+07,7.53337e+07,7.52584e+07
6,512,3,r,0.9,1.10678e+07,1.10567e+07,1.10457e+07,9.96404e+07,9.95407e+07,9.94412e+07
6,1024,0,l,0.1,4.02222e+09,4.00209e+09,3.99809e+09,4.46757e+08,4.44521e+08,4.44076e+08
6,1024,0,l,0.5,1.04312e+09,1.03685e+09,1.03478e+09,1.04324e+09,1.03696e+09,1.03489e+09
6,1024,0,l,0.9,1.45227e+08,1.44063e+08,1.43775e+08,1.30629e+09,1.29582e+09,1.29323e+09
6,1024,0,r,0.1,2.53329e+09,2.51808e+09,2.51556e+09,2.81667e+08,2.79975e+08,2.79695e+08
6,1024,0,r,0.5,5.74558e+08,5.70528e+08,5.69387e+08,5.74222e+08,5.70195e+08,5.69054e+08
6,1024,0,r,0.9,7.17817e+07,7.13501e+07,7.12074e+07,6.44756e+08,6.4088e+08,6.39598e+08
6,1024,1,l,0.1,2.77275e+09,2.75887e+09,2.75611e+09,3.07951e+08,3.06409e+08,3.06103e+08
6,1024,1,l,0.5,6.07311e+08,6.04877e+08,6.03667e+08,6.0714e+08,6.04707e+08,6.03497e+08
6,1024,1,l,0.9,7.83767e+07,7.80628e+07,7.79848e+07,7.04622e+08,7.01801e+08,7.01099e+08
6,1024,1,r,0.1,1.62451e+09,1.61313e+09,1.61151e+09,1.80613e+08,1.79348e+08,1.79168e+08
6,1024,1,r,0.5,3.45246e+08,3.42824e+08,3.42138e+08,3.45388e+08,3.42966e+08,3.4228e+08
6,1024,1,r,0.9,4.28065e+07,4.2592e+07,4.25069e+07,3.84996e+08,3.83067e+08,3.82301e+08
6,1024,2,l,0.1,9.36906e+08,9.33155e+08,9.32222e+08,1.04307e+08,1.03889e+08,1.03786e+08
6,1024,2,l,0.5,2.68718e+08,2.67373e+08,2.67106e+08,2.68614e+08,2.6727e+08,2.67002e+08
6,1024,2,l,0.9,3.2553e+07,3.23249e+07,3.22926e+07,2.92629e+08,2.90579e+08,2.90288e+08
6,1024,2,r,0.1,6.04954e+08,6.01926e+08,6.01325e+08,6.72156e+07,6.68792e+07,6.68123e+07
6,1024,2,r,0.5,1.65081e+08,1.64255e+08,1.64091e+08,1.65122e+08,1.64295e+08,1.64131e+08
6,1024,2,r,0.9,2.29553e+07,2.28404e+07,2.28176e+07,2.06731e+08,2.05696e+08,2.0549e+08
6,1024,3,l,0.1,3.68604e+08,3.66391e+08,3.66024e+08,4.08611e+07,4.06157e+07,4.05751e+07
6,1024,3,l,0.5,1.15893e+08,1.15661e+08,1.15546e+08,1.15679e+08,1.15447e+08,1.15332e+08
6,1024,3,l,0.9,1.55032e+07,1.54101e+07,1.53947e+07,1.39552e+08,1.38714e+08,1.38575e+08
6,1024,3,r,0.1,2.67437e+08,2.66097e+08,2.65565e+08,2.98028e+07,2.96535e+07,2.95942e+07
6,1024,3,r,0.5,9.07851e+07,9.04213e+07,9.02404e+07,9.07546e+07,9.03909e+07,9.02101e+07
6,1024,3,r,0.9,1.27521e+07,1.27011e+07,1.26884e+07,1.14709e+08,1.1425e+08,1.14136e+08
6,2048,0,l,0.1,5.27868e+09,5.21521e+09,5.20478e+09,5.8621e+08,5.79161e+08,5.78003e+08
6,2048,0,l,0.5,1.38581e+09,1.36639e+09,1.36502e+09,1.38584e+09,1.36642e+09,1.36505e+09
6,2048,0,l,0.9,1.88974e+08,1.87083e+08,1.86896e+08,1.69928e+09,1.68227e+09,1.68058e+09
6,2048,0,r,0.1,3.67225e+09,3.62446e+09,3.62084e+09,4.07887e+08,4.02579e+08,4.02176e+08
6,2048,0,r,0.5,7.80369e+08,7.68651e+08,7.67883e+08,7.81312e+08,7.6958e+08,7.68811e+08
6,2048,0,r,0.9,9.68573e+07,9.5403e+07,9.53076e+07,8.73012e+08,8.59904e+08,8.59044e+08
6,2048,1,l,0.1,3.25747e+09,3.22486e+09,3.22163e+09,3.62257e+08,3.58631e+08,3.58273e+08
6,2048,1,l,0.5,7.12659e+08,7.05518e+08,7.04107e+08,7.12959e+08,7.05815e+08,7.04404e+08
6,2048,1,l,0.9,9.08982e+07,8.99874e+07,8.98075e+07,8.17739e+08,8.09545e+08,8.07926e+08
6,2048,1,r,0.1,2.07117e+09,2.04422e+09,2.04217e+09,2.3044e+08,2.27441e+08,2.27214e+08
6,2048,1,r,0.5,4.16336e+08,4.10913e+08,4.10091e+08,4.15923e+08,4.10506e+08,4.09685e+08
6,2048,1,r,0.9,5.09295e+07,5.02158e+07,5.01656e+07,4.57987e+08,4.51569e+08,4.51118e+08
6,2048,2,l,0.1,9.61644e+08,9.52981e+08,9.52028e+08,1.06701e+08,1.0574e+08,1.05634e+08
6,2048,2,l,0.5,2.81789e+08,2.78965e+08,2.78407e+08,2.81737e+08,2.78914e+08,2.78356e+08
6,2048,2,l,0.9,3.64832e+07,3.61545e+07,3.61183e+07,3.27115e+08,3.24168e+08,3.23844e+08
6,2048,2,r,0.1,6.03835e+08,5.97186e+08,5.96589e+08,6.69997e+07,6.62619e+07,6.61957e+07
6,2048,2,r,0.5,1.8996e+08,1.88247e+08,1.87871e+08,1.90186e+08,1.88471e+08,1.88094e+08
6,2048,2,r,0.9,2.69391e+07,2.66425e+07,2.66158e+07,2.42263e+08,2.39596e+08,2.39356e+08
6,2048,3,l,0.1,4.03922e+08,2.72112e+08,2.7184e+08,4.48713e+07,3.02286e+07,3.01984e+07
6,2048,3,l,0.5,1.15529e+08,7.96793e+07,7.95996e+07,1.15766e+08,7.98425e+07,7.97626e+07
6,2048,3,l,0.9,1.83912e+07,1.82071e+07,1.81889e+07,1.65804e+08,1.64144e+08,1.6398e+08
6,2048,3,r,0.1,2.93527e+08,2.91468e+08,2.90885e+08,3.26217e+07,3.23929e+07,3.23281e+07
6,2048,3,r,0.5,9.54069e+07,9.42609e+07,9.41666e+07,9.49461e+07,9.38056e+07,9.37118e+07
6,2048,3,r,0.9,1.34977e+07,1.3376e+07,1.33493e+07,1.21508e+08,1.20412e+08,1.20171e+08
6,4096,0,l,0.1,6.47383e+09,6.30534e+09,6.29904e+09,7.19385e+08,7.00662e+08,6.99962e+08
6,4096,0,l,0.5,1.65447e+09,1.61141e+09,1.6098e+09,1.65404e+09,1.611e+09,1.60939e+09
6,4096,0,l,0.9,2.26616e+08,2.20491e+08,2.20271e+08,2.03951e+09,1.98439e+09,1.98241e+09
6,4096,0,r,0.1,4.74599e+09,4.5843e+09,4.57513e+09,5.2701e+08,5.09056e+08,5.08038e+08
6,4096,0,r,0.5,9.86271e+08,9.56624e+08,9.5471e+08,9.8628e+08,9.56632e+08,9.54719e+08
6,4096,0,r,0.9,1.22165e+08,1.17885e+08,1.17767e+08,1.09773e+09,1.05927e+09,1.05821e+09
6,4096,1,l,0.1,3.66143e+09,3.56614e+09,3.56257e+09,4.06937e+08,3.96346e+08,3.9595e+08
6,4096,1,l,0.5,7.49314e+08,7.32062e+08,7.3133e+08,7.48484e+08,7.31252e+08,7.30521e+08
6,4096,1,l,0.9,9.29033e+07,9.08574e+07,9.07665e+07,8.39386e+08,8.20901e+08,8.2008e+08
6,4096,1,r,0.1,2.49526e+09,2.42275e+09,2.41791e+09,2.76699e+08,2.68659e+08,2.68122e+08
6,4096,1,r,0.5,4.77588e+08,4.63246e+08,4.62783e+08,4.78179e+08,4.63819e+08,4.63355e+08
6,4096,1,r,0.9,5.83265e+07,5.65166e+07,5.64601e+07,5.22297e+08,5.06089e+08,5.05583e+08
6,4096,2,l,0.1,9.26836e+08,3.68322e+08,3.67954e+08,1.02285e+08,4.0648e+07,4.06073e+07
6,4096,2,l,0.5,2.73011e+08,1.67418e+08,1.67083e+08,2.7251e+08,1.67111e+08,1.66776e+08
6,4096,2,l,0.9,3.50527e+07,2.16141e+07,2.15925e+07,3.15734e+08,1.94687e+08,1.94492e+08
6,4096,2,r,0.1,7.51631e+08,5.28925e+08,5.28396e+08,8.34535e+07,5.87266e+07,5.86678e+07
6,4096,2,r,0.5,2.10543e+08,1.30246e+08,1.30116e+08,2.10788e+08,1.30398e+08,1.30267e+08
6,4096,2,r,0.9,2.86496e+07,1.99601e+07,1.99401e+07,2.57982e+08,1.79735e+08,1.79556e+08
6,4096,3,l,0.1,3.19959e+08,9.42564e+07,9.40679e+07,3.53454e+07,1.04124e+07,1.03916e+07
6,4096,3,l,0.5,1.07193e+08,3.62674e+07,3.62312e+07,1.06694e+08,3.60985e+07,3.60624e+07
6,4096,3,l,0.9,1.72266e+07,1.69162e+07,1.68993e+07,1.55904e+08,1.53094e+08,1.52941e+08
6,4096,3,r,0.1,3.38685e+08,3.32582e+08,3.32249e+08,3.76949e+07,3.70157e+07,3.69787e+07
6,4096,3,r,0.5,1.03596e+08,1.02041e+08,1.01939e+08,1.03526e+08,1.01972e+08,1.0187e+08
6,4096,3,r,0.9,1.35309e+07,5.90537e+06,5.89947e+06,1.23018e+08,5.36896e+07,5.36359e+07
12,32,0,l,0.1,3.37673e+08,3.37673e+08,3.37335e+08,3.75086e+07,3.75086e+07,3.74711e+07
12,32,0,l,0.5,8.21938e+07,8.21938e+07,8.21116e+07,8.22071e+07,8.22071e+07,8.21248e+07
12,32,0,l,0.9,1.08727e+07,1.08727e+07,1.08619e+07,9.78971e+07,9.78971e+07,9.77992e+07
12,32,0,r,0.1,2.41525e+08,2.41525e+08,2.41283e+08,2.68397e+07,2.68397e+07,2.68128e+07
12,32,0,r,0.5,6.79316e+07,6.79316e+07,6.78637e+07,6.7931e+07,6.7931e+07,6.78631e+07
12,32,0,r,0.9,9.43973e+06,9.43973e+06,9.43029e+06,8.50041e+07,8.50041e+07,8.49191e+07
12,32,1,l,0.1,2.60578e+08,2.60578e+08,2.60317e+08,2.89515e+07,2.89515e+07,2.89225e+07
12,32,1,l,0.5,5.82571e+07,5.82571e+07,5.81989e+07,5.82519e+07,5.82519e+07,5.81937e+07
12,32,1,l,0.9,7.52324e+06,7.52324e+06,7.51572e+06,6.77384e+07,6.77384e+07,6.76706e+07
12,32,1,r,0.1,1.94418e+08,1.94418e+08,1.94224e+08,2.16066e+07,2.16066e+07,2.15849e+07
12,32,1,r,0.5,4.91132e+07,4.91132e+07,4.90641e+07,4.90951e+07,4.90951e+07,4.9046e+07
12,32,1,r,0.9,6.50576e+06,6.50576e+06,6.49925e+06,5.861e+07,5.861e+07,5.85514e+07
12,32,2,l,0.1,7.32981e+07,7.32981e+07,7.32248e+07,8.14455e+06,8.14455e+06,8.13641e+06
12,32,2,l,0.5,2.07892e+07,2.07892e+07,2.07684e+07,2.07852e+07,2.07852e+07,2.07644e+07
12,32,2,l,0.9,2.62888e+06,2.62888e+06,2.62626e+06,2.36459e+07,2.36459e+07,2.36223e+07
12,32,2,r,0.1,6.06688e+07,6.06688e+07,6.06081e+07,6.73731e+06,6.73731e+06,6.73057e+06
12,32,2,r,0.5,1.87762e+07,1.87762e+07,1.87574e+07,1.87713e+07,1.87713e+07,1.87525e+07
12,32,2,r,0.9,2.63104e+06,2.63104e+06,2.62841e+06,2.36855e+07,2.36855e+07,2.36618e+07
12,32,3,l,0.1,2.47108e+07,2.47108e+07,2.46861e+07,2.74506e+06,2.74506e+06,2.74231e+06
12,32,3,l,0.5,6.93907e+06,6.93907e+06,6.93213e+06,6.94092e+06,6.94092e+06,6.93398e+06
12,32,3,l,0.9,966320,966320,965354,8.68575e+06,8.68575e+06,8.67707e+06
12,32,3,r,0.1,2.25895e+07,2.25895e+07,2.25669e+07,2.50497e+06,2.50497e+06,2.50247e+06
12,32,3,r,0.5,6.76341e+06,6.76341e+06,6.75664e+06,6.75732e+06,6.75732e+06,6.75057e+06
12,32,3,r,0.9,1.06126e+06,1.06126e+06,1.0602e+06,9.53603e+06,9.53603e+06,9.52649e+06
12,512,0,l,0.1,2.80604e+09,2.792e+09,2.7892e+09,3.11762e+08,3.10201e+08,3.09891e+08
12,512,0,l,0.5,7.1701e+08,7.13421e+08,7.12708e+08,7.1732e+08,7.1373e+08,7.13016e+08
12,512,0,l,0.9,9.421e+07,9.38328e+07,9.3739e+07,8.49101e+08,8.45701e+08,8.44856e+08
12,512,0,r,0.1,1.49861e+09,1.4911e+09,1.48812e+09,1.66788e+08,1.65952e+08,1.65621e+08
12,512,0,r,0.5,3.59508e+08,3.57708e+08,3.57351e+08,3.59606e+08,3.57806e+08,3.57448e+08
12,512,0,r,0.9,4.60365e+07,4.58058e+07,4.57142e+07,4.14458e+08,4.12381e+08,4.11556e+08
12,512,1,l,0.1,1.65526e+09,1.64697e+09,1.64368e+09,1.83848e+08,1.82927e+08,1.82561e+08
12,512,1,l,0.5,3.22028e+08,3.21061e+08,3.2074e+08,3.21899e+08,3.20932e+08,3.20611e+08
12,512,1,l,0.9,3.91163e+07,3.89597e+07,3.89208e+07,3.51772e+08,3.50364e+08,3.50013e+08
12,512,1,r,0.1,8.43289e+08,8.39068e+08,8.38229e+08,9.36695e+07,9.32007e+07,9.31075e+07
12,512,1,r,0.5,1.75367e+08,1.74489e+08,1.7414e+08,1.75237e+08,1.74359e+08,1.7401e+08
12,512,1,r,0.9,2.14037e+07,2.12966e+07,2.12753e+07,1.92544e+08,1.9158e+08,1.91389e+08
12,512,2,l,0.1,3.76713e+08,3.75581e+08,3.7483e+08,4.18543e+07,4.17285e+07,4.16451e+07
12,512,2,l,0.5,1.02431e+08,1.0202e+08,1.01816e+08,1.02279e+08,1.01869e+08,1.01665e+08
12,512,2,l,0.9,1.37539e+07,1.36851e+07,1.36714e+07,1.23839e+08,1.2322e+08,1.23096e+08
12,512,2,r,0.1,2.37274e+08,2.36087e+08,2.3585e+08,2.63633e+07,2.62313e+07,2.62051e+07
12,512,2,r,0.5,7.00385e+07,6.9758e+07,6.96883e+07,7.00184e+07,6.9738e+07,6.96683e+07
12,512,2,r,0.9,9.68997e+06,9.65117e+06,9.64152e+06,8.78287e+07,8.7477e+07,8.73895e+07
12,512,3,l,0.1,1.30759e+08,1.30366e+08,1.30236e+08,1.45602e+07,1.45165e+07,1.45019e+07
12,512,3,l,0.5,4.11035e+07,4.09799e+07,4.08979e+07,4.10344e+07,4.09111e+07,4.08292e+07
12,512,3,l,0.9,5.87031e+06,5.83506e+06,5.82922e+06,5.27481e+07,5.24313e+07,5.23789e+07
12,512,3,r,0.1,1.01248e+08,1.00944e+08,1.00843e+08,1.12468e+07,1.12131e+07,1.12018e+07
12,512,3,r,0.5,3.08175e+07,3.06632e+07,3.06326e+07,3.08664e+07,3.07119e+07,3.06812e+07
12,512,3,r,0.9,4.66116e+06,4.63783e+06,4.63319e+06,4.18678e+07,4.16583e+07,4.16166e+07
12,1024,0,l,0.1,4.39732e+09,4.35771e+09,4.35335e+09,4.88703e+08,4.843e+08,4.83816e+08
12,1024,0,l,0.5,1.09707e+09,1.08499e+09,1.0839e+09,1.0978e+09,1.08571e+09,1.08462e+09
12,1024,0,l,0.9,1.44744e+08,1.4315e+08,1.43007e+08,1.30262e+09,1.28828e+09,1.28699e+09
12,1024,0,r,0.1,2.35545e+09,2.32715e+09,2.32483e+09,2.6157e+08,2.58428e+08,2.58169e+08
12,1024,0,r,0.5,5.31122e+08,5.25274e+08,5.24749e+08,5.31304e+08,5.25454e+08,5.24929e+08
12,1024,0,r,0.9,6.74235e+07,6.66804e+07,6.6547e+07,6.05933e+08,5.99255e+08,5.98056e+08
12,1024,1,l,0.1,2.04385e+09,2.02747e+09,2.02341e+09,2.27267e+08,2.25446e+08,2.24995e+08
12,1024,1,l,0.5,3.77354e+08,3.72443e+08,3.72071e+08,3.78014e+08,3.73095e+08,3.72722e+08
12,1024,1,l,0.9,4.56812e+07,4.53608e+07,4.52701e+07,4.10858e+08,4.07976e+08,4.0716e+08
12,1024,1,r,0.1,1.13929e+09,1.12674e+09,1.12562e+09,1.2676e+08,1.25364e+08,1.25239e+08
12,1024,1,r,0.5,2.14933e+08,2.12137e+08,2.11924e+08,2.15028e+08,2.1223e+08,2.12018e+08
12,1024,1,r,0.9,2.59018e+07,2.56425e+07,2.56169e+07,2.33401e+08,2.31064e+08,2.30833e+08
12,1024,2,l,0.1,3.7134e+08,2.06879e+08,2.06465e+08,4.11239e+07,2.29107e+07,2.28649e+07
12,1024,2,l,0.5,1.00003e+08,5.61579e+07,5.61018e+07,1.00293e+08,5.63208e+07,5.62645e+07
12,1024,2,l,0.9,1.32302e+07,8.56384e+06,8.54671e+06,1.18991e+08,7.70222e+07,7.68682e+07
12,1024,2,r,0.1,2.51479e+08,1.56829e+08,1.56672e+08,2.79172e+07,1.74098e+07,1.73924e+07
12,1024,2,r,0.5,7.61282e+07,5.441e+07,5.43556e+07,7.63637e+07,5.45783e+07,5.45237e+07
12,1024,2,r,0.9,1.04465e+07,7.52609e+06,7.51104e+06,9.41425e+07,6.78241e+07,6.76884e+07
12,1024,3,l,0.1,1.24822e+08,5.97246e+07,5.96649e+07,1.38051e+07,6.60547e+06,6.59886e+06
12,1024,3,l,0.5,3.9114e+07,1.98898e+07,1.98699e+07,3.9241e+07,1.99544e+07,1.99344e+07
12,1024,3,l,0.9,5.33403e+06,2.66435e+06,2.66168e+06,4.77915e+07,2.38718e+07,2.38479e+07
12,1024,3,r,0.1,1.24383e+08,1.23138e+08,1.23015e+08,1.37597e+07,1.3622e+07,1.36083e+07
12,1024,3,r,0.5,3.43316e+07,1.74579e+07,1.74405e+07,3.42762e+07,1.74297e+07,1.74123e+07
12,1024,3,r,0.9,4.81299e+06,2.54862e+06,2.54607e+06,4.33946e+07,2.29787e+07,2.29557e+07
12,2048,0,l,0.1,5.60543e+09,5.48199e+09,5.47651e+09,6.23156e+08,6.09433e+08,6.08823e+08
12,2048,0,l,0.5,1.42759e+09,1.39758e+09,1.39618e+09,1.42699e+09,1.39699e+09,1.3956e+09
12,2048,0,l,0.9,1.89416e+08,1.86003e+08,1.85817e+08,1.70561e+09,1.67488e+09,1.6732e+09
12,2048,0,r,0.1,3.48319e+09,3.38896e+09,3.38218e+09,3.87204e+08,3.76729e+08,3.75975e+08
12,2048,0,r,0.5,7.42986e+08,7.24393e+08,7.23668e+08,7.42732e+08,7.24145e+08,7.23421e+08
12,2048,0,r,0.9,9.24241e+07,8.98336e+07,8.97438e+07,8.30984e+08,8.07693e+08,8.06885e+08
12,2048,1,l,0.1,2.27619e+09,2.23518e+09,2.23295e+09,2.53208e+08,2.48645e+08,2.48397e+08
12,2048,1,l,0.5,3.85453e+08,3.78894e+08,3.78515e+08,3.85905e+08,3.79338e+08,3.78958e+08
12,2048,1,l,0.9,4.31458e+07,4.22388e+07,4.21966e+07,3.866e+08,3.78473e+08,3.78095e+08
12,2048,1,r,0.1,1.4049e+09,1.37255e+09,1.37118e+09,1.56059e+08,1.52466e+08,1.52313e+08
12,2048,1,r,0.5,2.44949e+08,2.38819e+08,2.3858e+08,2.44934e+08,2.38805e+08,2.38566e+08
12,2048,1,r,0.9,2.92261e+07,2.84069e+07,2.83785e+07,2.62593e+08,2.55233e+08,2.54978e+08
12,2048,2,l,0.1,3.49303e+08,1.12938e+08,1.12825e+08,3.88968e+07,1.25762e+07,1.25637e+07
12,2048,2,l,0.5,9.50575e+07,3.66338e+07,3.65971e+07,9.47655e+07,3.65212e+07,3.64847e+07
12,2048,2,l,0.9,1.31693e+07,5.22025e+06,5.21503e+06,1.18062e+08,4.67992e+07,4.67524e+07
12,2048,2,r,0.1,2.82428e+08,1.1054e+08,1.10429e+08,3.13711e+07,1.22784e+07,1.22661e+07
12,2048,2,r,0.5,8.02675e+07,3.37461e+07,3.37123e+07,8.04542e+07,3.38246e+07,3.37908e+07
12,2048,2,r,0.9,1.06574e+07,4.76862e+06,4.76385e+06,9.48595e+07,4.24446e+07,4.24022e+07
12,2048,3,l,0.1,1.56205e+08,1.53859e+08,1.53705e+08,1.7423e+07,1.71614e+07,1.71442e+07
12,2048,3,l,0.5,4.61399e+07,4.55389e+07,4.54478e+07,4.62291e+07,4.56269e+07,4.55356e+07
12,2048,3,l,0.9,5.57842e+06,1.9209e+06,1.91898e+06,5.03546e+07,1.73393e+07,1.7322e+07
12,2048,3,r,0.1,1.24636e+08,1.22762e+08,1.22517e+08,1.38426e+07,1.36346e+07,1.36073e+07
12,2048,3,r,0.5,4.03779e+07,3.92451e+07,3.91666e+07,4.0388e+07,3.92549e+07,3.91764e+07
12,2048,3,r,0.9,5.02928e+06,1.89794e+06,1.89604e+06,4.5094e+07,1.70175e+07,1.70004e+07
12,4096,0,l,0.1,6.7833e+09,6.51169e+09,6.50518e+09,7.53691e+08,7.23514e+08,7.2279e+08
12,4096,0,l,0.5,1.68619e+09,1.61354e+09,1.61031e+09,1.68786e+09,1.61514e+09,1.61191e+09
12,4096,0,l,0.9,2.23982e+08,2.14117e+08,2.13903e+08,2.01707e+09,1.92823e+09,1.9263e+09
12,4096,0,r,0.1,4.52425e+09,4.28875e+09,4.28446e+09,5.02596e+08,4.76435e+08,4.75958e+08
12,4096,0,r,0.5,9.28705e+08,8.77524e+08,8.75769e+08,9.27234e+08,8.76134e+08,8.74382e+08
12,4096,0,r,0.9,1.16021e+08,1.08239e+08,1.08131e+08,1.04111e+09,9.71288e+08,9.70317e+08
12,4096,1,l,0.1,2.45197e+09,2.35861e+09,2.35389e+09,2.72602e+08,2.62223e+08,2.61698e+08
12,4096,1,l,0.5,4.05533e+08,3.88483e+08,3.88095e+08,4.05195e+08,3.8816e+08,3.87772e+08
12,4096,1,l,0.9,4.74393e+07,4.55854e+07,4.54943e+07,4.26197e+08,4.09542e+08,4.08723e+08
12,4096,1,r,0.1,1.62256e+09,1.54135e+09,1.53981e+09,1.80051e+08,1.7104e+08,1.70869e+08
12,4096,1,r,0.5,2.69874e+08,2.56907e+08,2.5665e+08,2.69839e+08,2.56873e+08,2.56616e+08
12,4096,1,r,0.9,3.19631e+07,3.02016e+07,3.01412e+07,2.87093e+08,2.71271e+08,2.70728e+08
12,4096,2,l,0.1,3.82219e+08,1.00242e+08,1.00141e+08,4.21341e+07,1.10502e+07,1.10391e+07
12,4096,2,l,0.5,1.06611e+08,3.25817e+07,3.25165e+07,1.06856e+08,3.26564e+07,3.25911e+07
12,4096,2,l,0.9,1.34622e+07,4.24483e+06,4.24059e+06,1.22708e+08,3.86918e+07,3.86531e+07
12,4096,2,r,0.1,2.79221e+08,8.44092e+07,8.43248e+07,3.11567e+07,9.41875e+06,9.40933e+06
12,4096,2,r,0.5,8.11961e+07,2.79594e+07,2.79314e+07,8.17616e+07,2.81542e+07,2.8126e+07
12,4096,2,r,0.9,1.1697e+07,3.99268e+06,3.98868e+06,1.05795e+08,3.6112e+07,3.60759e+07
12,4096,3,l,0.1,1.46221e+08,3.80555e+07,3.80174e+07,1.63336e+07,4.25098e+06,4.24673e+06
12,4096,3,l,0.5,4.62826e+07,4.32249e+07,4.31817e+07,4.59634e+07,4.29268e+07,4.28839e+07
12,4096,3,l,0.9,6.54645e+06,6.00856e+06,5.99654e+06,5.89055e+07,5.40656e+07,5.39574e+07
12,4096,3,r,0.1,1.36403e+08,1.31487e+08,1.31356e+08,1.5256e+07,1.47062e+07,1.46915e+07
12,4096,3,r,0.5,4.12248e+07,3.9698e+07,3.96583e+07,4.15263e+07,3.99883e+07,3.99483e+07
12,4096,3,r,0.9,5.70843e+06,5.14216e+06,5.13188e+06,5.18893e+07,4.6742e+07,4.66485e+07
22,32,0,l,0.1,3.18936e+08,3.18936e+08,3.18617e+08,3.5423e+07,3.5423e+07,3.53875e+07
22,32,0,l,0.5,7.53333e+07,7.53333e+07,7.5258e+07,7.53215e+07,7.53215e+07,7.52462e+07
22,32,0,l,0.9,9.7922e+06,9.7922e+06,9.78241e+06,8.81343e+07,8.81343e+07,8.80462e+07
22,32,0,r,0.1,1.86897e+08,1.86897e+08,1.8671e+08,2.07819e+07,2.07819e+07,2.07611e+07
22,32,0,r,0.5,5.69457e+07,5.69457e+07,5.68887e+07,5.69146e+07,5.69146e+07,5.68577e+07
22,32,0,r,0.9,7.96763e+06,7.96763e+06,7.95966e+06,7.17296e+07,7.17296e+07,7.16579e+07
22,32,1,l,0.1,2.2214e+08,2.21918e+08,2.21474e+08,2.46876e+07,2.46628e+07,2.46135e+07
22,32,1,l,0.5,4.35071e+07,4.35071e+07,4.34636e+07,4.34833e+07,4.34833e+07,4.34398e+07
22,32,1,l,0.9,5.42805e+06,5.42262e+06,5.41719e+06,4.8911e+07,4.8862e+07,4.88132e+07
22,32,1,r,0.1,1.37247e+08,1.37247e+08,1.3711e+08,1.5246e+07,1.5246e+07,1.52308e+07
22,32,1,r,0.5,3.37086e+07,3.37086e+07,3.36749e+07,3.37014e+07,3.37014e+07,3.36677e+07
22,32,1,r,0.9,4.32633e+06,4.32633e+06,4.32201e+06,3.88737e+07,3.88737e+07,3.88348e+07
22,32,2,l,0.1,4.17304e+07,4.17304e+07,4.16887e+07,4.63964e+06,4.63964e+06,4.635e+06
22,32,2,l,0.5,1.17627e+07,1.17627e+07,1.17509e+07,1.17697e+07,1.17697e+07,1.17579e+07
22,32,2,l,0.9,1.58203e+06,1.58203e+06,1.58045e+06,1.42278e+07,1.42278e+07,1.42136e+07
22,32,2,r,0.1,3.291e+07,3.291e+07,3.28771e+07,3.65795e+06,3.65795e+06,3.65429e+06
22,32,2,r,0.5,1.00675e+07,1.00675e+07,1.00575e+07,1.00856e+07,1.00856e+07,1.00756e+07
22,32,2,r,0.9,1.4247e+06,1.4247e+06,1.42327e+06,1.28629e+07,1.28629e+07,1.285e+07
22,32,3,l,0.1,1.02912e+07,1.02912e+07,1.02707e+07,1.14533e+06,1.14533e+06,1.14304e+06
22,32,3,l,0.5,2.98175e+06,2.98175e+06,2.98175e+06,2.97492e+06,2.97492e+06,2.97492e+06
22,32,3,l,0.9,414749,414334,413920,3.72752e+06,3.72379e+06,3.72007e+06
22,32,3,r,0.1,9.85553e+06,9.85553e+06,9.83582e+06,1.09651e+06,1.09651e+06,1.09432e+06
22,32,3,r,0.5,2.99153e+06,2.99153e+06,2.98854e+06,2.99315e+06,2.99315e+06,2.99016e+06
22,32,3,r,0.9,376722,376722,376346,3.39093e+06,3.39093e+06,3.38754e+06
22,512,0,l,0.1,2.95245e+09,2.92881e+09,2.92588e+09,3.27843e+08,3.25218e+08,3.24893e+08
22,512,0,l,0.5,6.805e+08,6.74369e+08,6.73695e+08,6.80807e+08,6.74674e+08,6.73999e+08
22,512,0,l,0.9,8.75032e+07,8.67149e+07,8.66282e+07,7.88506e+08,7.81403e+08,7.80621e+08
22,512,0,r,0.1,1.41403e+09,1.39846e+09,1.39706e+09,1.57053e+08,1.55324e+08,1.55168e+08
22,512,0,r,0.5,3.33235e+08,3.3023e+08,3.2957e+08,3.32961e+08,3.29958e+08,3.29298e+08
22,512,0,r,0.9,4.24528e+07,4.19854e+07,4.19434e+07,3.82369e+08,3.78159e+08,3.77781e+08
22,512,1,l,0.1,1.21718e+09,1.20621e+09,1.20501e+09,1.35285e+08,1.34066e+08,1.33932e+08
22,512,1,l,0.5,1.94773e+08,1.93018e+08,1.92825e+08,1.94889e+08,1.93134e+08,1.92941e+08
22,512,1,l,0.9,2.32578e+07,2.30483e+07,2.30252e+07,2.0932e+08,2.07435e+08,2.07227e+08
22,512,1,r,0.1,6.34053e+08,6.2897e+08,6.27712e+08,7.04743e+07,6.99093e+07,6.97695e+07
22,512,1,r,0.5,1.13189e+08,1.1183e+08,1.11718e+08,1.13165e+08,1.11806e+08,1.11694e+08
22,512,1,r,0.9,1.36656e+07,1.35288e+07,1.35153e+07,1.22912e+08,1.21682e+08,1.2156e+08
22,512,2,l,0.1,1.6922e+08,5.50516e+07,5.49966e+07,1.87209e+07,6.09039e+06,6.0843e+06
22,512,2,l,0.5,4.63759e+07,1.76869e+07,1.76692e+07,4.64436e+07,1.77127e+07,1.7695e+07
22,512,2,l,0.9,6.20403e+06,2.52136e+06,2.51884e+06,5.54293e+07,2.25268e+07,2.25043e+07
22,512,2,r,0.1,1.21443e+08,4.92336e+07,4.91844e+07,1.35466e+07,5.49188e+06,5.48639e+06
22,512,2,r,0.5,3.6559e+07,1.61021e+07,1.6086e+07,3.66768e+07,1.61539e+07,1.61378e+07
22,512,2,r,0.9,4.94458e+06,2.27679e+06,2.27451e+06,4.45152e+07,2.04975e+07,2.0477e+07
22,512,3,l,0.1,5.54467e+07,2.25894e+07,2.25668e+07,6.19608e+06,2.52433e+06,2.5218e+06
22,512,3,l,0.5,1.66197e+07,7.27009e+06,7.26282e+06,1.66057e+07,7.26394e+06,7.25668e+06
22,512,3,l,0.9,2.3489e+06,1.0322e+06,1.03117e+06,2.09238e+07,9.19473e+06,9.18554e+06
22,512,3,r,0.1,4.8539e+07,2.11842e+07,2.1163e+07,5.36062e+06,2.33957e+06,2.33723e+06
22,512,3,r,0.5,1.48347e+07,6.94957e+06,6.94262e+06,1.48432e+07,6.95356e+06,6.94661e+06
22,512,3,r,0.9,2.01697e+06,932773,931840,1.82332e+07,8.43216e+06,8.42373e+06
22,1024,0,l,0.1,4.5823e+09,4.49515e+09,4.49066e+09,5.09001e+08,4.99321e+08,4.98821e+08
22,1024,0,l,0.5,1.05729e+09,1.04035e+09,1.03931e+09,1.05761e+09,1.04068e+09,1.03963e+09
22,1024,0,l,0.9,1.37123e+08,1.3479e+08,1.34655e+08,1.23481e+09,1.2138e+09,1.21258e+09
22,1024,0,r,0.1,2.20344e+09,2.15712e+09,2.15496e+09,2.4487e+08,2.39722e+08,2.39482e+08
22,1024,0,r,0.5,5.06996e+08,4.96339e+08,4.95842e+08,5.06748e+08,4.96096e+08,4.956e+08
22,1024,0,r,0.9,6.41262e+07,6.27126e+07,6.25872e+07,5.7691e+08,5.64193e+08,5.63065e+08
22,1024,1,l,0.1,1.40111e+09,1.37727e+09,1.37589e+09,1.55676e+08,1.53026e+08,1.52873e+08
22,1024,1,l,0.5,2.10672e+08,2.07087e+08,2.0688e+08,2.10451e+08,2.0687e+08,2.06663e+08
22,1024,1,l,0.9,2.42693e+07,2.3832e+07,2.38082e+07,2.19391e+08,2.15438e+08,2.15223e+08
22,1024,1,r,0.1,7.91177e+08,7.76908e+08,7.75354e+08,8.79275e+07,8.63417e+07,8.6169e+07
22,1024,1,r,0.5,1.32529e+08,1.30009e+08,1.29879e+08,1.32688e+08,1.30164e+08,1.30034e+08
22,1024,1,r,0.9,1.59623e+07,1.56427e+07,1.56271e+07,1.43087e+08,1.40222e+08,1.40082e+08
22,1024,2,l,0.1,1.77976e+08,4.43604e+07,4.43161e+07,1.98734e+07,4.95343e+06,4.94848e+06
22,1024,2,l,0.5,4.75468e+07,1.43735e+07,1.43591e+07,4.73393e+07,1.43108e+07,1.42965e+07
22,1024,2,l,0.9,6.49466e+06,2.02186e+06,2.01984e+06,5.90845e+07,1.83937e+07,1.83753e+07
22,1024,2,r,0.1,1.2669e+08,3.85523e+07,3.85138e+07,1.41578e+07,4.30828e+06,4.30397e+06
22,1024,2,r,0.5,3.97296e+07,1.30841e+07,1.30711e+07,3.94069e+07,1.29778e+07,1.29649e+07
22,1024,2,r,0.9,5.51569e+06,1.91225e+06,1.90843e+06,4.94225e+07,1.71345e+07,1.71002e+07
22,1024,3,l,0.1,6.71886e+07,2.13201e+07,2.12988e+07,7.45033e+06,2.36412e+06,2.36175e+06
22,1024,3,l,0.5,1.8572e+07,6.64348e+06,6.6302e+06,1.85117e+07,6.62194e+06,6.60869e+06
22,1024,3,l,0.9,2.46391e+06,919960,919040,2.19803e+07,8.20686e+06,8.19866e+06
22,1024,3,r,0.1,6.03368e+07,5.9309e+07,5.91904e+07,6.66018e+06,6.54673e+06,6.53363e+06
22,1024,3,r,0.5,1.7579e+07,1.72622e+07,1.7245e+07,1.75635e+07,1.72471e+07,1.72298e+07
22,1024,3,r,0.9,2.20974e+06,862661,861798,2.0109e+07,7.85036e+06,7.84251e+06
22,2048,0,l,0.1,5.78499e+09,5.5881e+09,5.58251e+09,6.42417e+08,6.20553e+08,6.19932e+08
22,2048,0,l,0.5,1.39872e+09,1.34832e+09,1.34697e+09,1.39946e+09,1.34903e+09,1.34768e+09
22,2048,0,l,0.9,1.83429e+08,1.77737e+08,1.77559e+08,1.64891e+09,1.59774e+09,1.59614e+09
22,2048,0,r,0.1,3.3297e+09,3.18305e+09,3.17987e+09,3.69756e+08,3.53471e+08,3.53117e+08
22,2048,0,r,0.5,7.16314e+08,6.81896e+08,6.81214e+08,7.16727e+08,6.8229e+08,6.81608e+08
22,2048,0,r,0.9,8.89002e+07,8.48067e+07,8.47219e+07,7.98274e+08,7.61517e+08,7.60755e+08
22,2048,1,l,0.1,1.45527e+09,1.40861e+09,1.40579e+09,1.61627e+08,1.56445e+08,1.56132e+08
22,2048,1,l,0.5,2.17294e+08,2.09464e+08,2.09254e+08,2.1716e+08,2.09335e+08,2.09125e+08
22,2048,1,l,0.9,2.52004e+07,2.43175e+07,2.42932e+07,2.2611e+08,2.18188e+08,2.1797e+08
22,2048,1,r,0.1,9.03571e+08,8.66488e+08,8.65621e+08,1.00204e+08,9.60914e+07,9.59953e+07
22,2048,1,r,0.5,1.39841e+08,1.34516e+08,1.34247e+08,1.39906e+08,1.34579e+08,1.34309e+08
22,2048,1,r,0.9,1.64268e+07,1.56697e+07,1.56383e+07,1.48551e+08,1.41704e+08,1.4142e+08
22,2048,2,l,0.1,1.52404e+08,3.84442e+07,3.84057e+07,1.68537e+07,4.25139e+06,4.24714e+06
22,2048,2,l,0.5,4.01532e+07,1.25931e+07,1.2568e+07,3.99602e+07,1.25326e+07,1.25075e+07
22,2048,2,l,0.9,5.60753e+06,1.78498e+06,1.78319e+06,5.04658e+07,1.60642e+07,1.60481e+07
22,2048,2,r,0.1,1.32289e+08,3.77402e+07,3.77025e+07,1.47492e+07,4.20773e+06,4.20352e+06
22,2048,2,r,0.5,3.82811e+07,1.0921e+07,1.09101e+07,3.83565e+07,1.09426e+07,1.09316e+07
22,2048,2,r,0.9,4.74493e+06,1.63389e+06,1.63226e+06,4.27639e+07,1.47255e+07,1.47108e+07
22,2048,3,l,0.1,7.52378e+07,7.14721e+07,7.14007e+07,8.41644e+06,7.9952e+06,7.9872e+06
22,2048,3,l,0.5,2.06068e+07,1.91216e+07,1.91025e+07,2.04409e+07,1.89677e+07,1.89487e+07
22,2048,3,l,0.9,2.3181e+06,800545,799744,2.08142e+07,7.18809e+06,7.1809e+06
22,2048,3,r,0.1,6.33398e+07,6.09939e+07,6.09329e+07,7.05155e+06,6.79038e+06,6.78359e+06
22,2048,3,r,0.5,1.53881e+07,5.39122e+06,5.38583e+06,1.54642e+07,5.41787e+06,5.41245e+06
22,2048,3,r,0.9,2.06667e+06,748883,748134,1.86475e+07,6.75717e+06,6.75041e+06
22,4096,0,l,0.1,7.07143e+09,6.57543e+09,6.56228e+09,7.85006e+08,7.29946e+08,7.28486e+08
22,4096,0,l,0.5,1.66001e+09,1.53705e+09,1.53551e+09,1.65778e+09,1.53498e+09,1.53344e+09
22,4096,0,l,0.9,2.11808e+08,1.96315e+08,1.95922e+08,1.90859e+09,1.76898e+09,1.76544e+09
22,4096,0,r,0.1,4.43698e+09,4.03281e+09,4.02878e+09,4.93159e+08,4.48237e+08,4.47789e+08
22,4096,0,r,0.5,8.84922e+08,7.98113e+08,7.97315e+08,8.8432e+08,7.9757e+08,7.96773e+08
22,4096,0,r,0.9,1.08999e+08,9.75308e+07,9.73357e+07,9.80846e+08,8.77651e+08,8.75896e+08
22,4096,1,l,0.1,1.14847e+09,1.0634e+09,1.06233e+09,1.27934e+08,1.18458e+08,1.18339e+08
22,4096,1,l,0.5,1.56205e+08,1.44466e+08,1.44178e+08,1.56512e+08,1.4475e+08,1.4446e+08
22,4096,1,l,0.9,1.73411e+07,1.61074e+07,1.60752e+07,1.57788e+08,1.46563e+08,1.46269e+08
22,4096,1,r,0.1,8.53748e+08,7.81107e+08,7.80326e+08,9.49214e+07,8.6845e+07,8.67582e+07
22,4096,1,r,0.5,1.1946e+08,1.09057e+08,1.08947e+08,1.19717e+08,1.09291e+08,1.09182e+08
22,4096,1,r,0.9,1.30867e+07,1.20376e+07,1.20136e+07,1.17728e+08,1.08291e+08,1.08074e+08
22,4096,2,l,0.1,1.18455e+08,3.33191e+07,3.32857e+07,1.35081e+07,3.79956e+06,3.79576e+06
22,4096,2,l,0.5,3.0349e+07,1.06328e+07,1.06222e+07,3.01793e+07,1.05733e+07,1.05628e+07
22,4096,2,l,0.9,3.91806e+06,1.43545e+06,1.43401e+06,3.58266e+07,1.31257e+07,1.31125e+07
22,4096,2,r,0.1,1.22086e+08,3.23851e+07,3.23527e+07,1.37286e+07,3.64171e+06,3.63807e+06
22,4096,2,r,0.5,2.9342e+07,9.51633e+06,9.50682e+06,2.93496e+07,9.51879e+06,9.50927e+06
22,4096,2,r,0.9,3.71215e+06,1.30185e+06,1.29925e+06,3.37124e+07,1.1823e+07,1.17993e+07
22,4096,3,l,0.1,5.25286e+07,1.64053e+07,1.63889e+07,5.99434e+06,1.87211e+06,1.87023e+06
22,4096,3,l,0.5,1.43313e+07,4.99228e+06,4.98729e+06,1.41465e+07,4.92791e+06,4.92298e+06
22,4096,3,l,0.9,1.89575e+06,1.73239e+06,1.72892e+06,1.73447e+07,1.585e+07,1.58183e+07
22,4096,3,r,0.1,5.46074e+07,4.66735e+07,4.65801e+07,6.05036e+06,5.1713e+06,5.16096e+06
22,4096,3,r,0.5,1.41956e+07,1.26894e+07,1.26767e+07,1.41828e+07,1.26779e+07,1.26652e+07
22,4096,3,r,0.9,1.79212e+06,1.58223e+06,1.58065e+06,1.61212e+07,1.42331e+07,1.42189e+07
100,32,0,l,0.1,2.46107e+08,2.45861e+08,2.45615e+08,2.73387e+07,2.73113e+07,2.7284e+07
100,32,0,l,0.5,4.52508e+07,4.51602e+07,4.51151e+07,4.52521e+07,4.51615e+07,4.51164e+07
100,32,0,l,0.9,5.505e+06,5.49949e+06,5.49399e+06,4.95052e+07,4.94557e+07,4.94062e+07
100,32,0,r,0.1,1.26426e+08,1.26047e+08,1.25921e+08,1.4046e+07,1.40038e+07,1.39898e+07
100,32,0,r,0.5,3.40872e+07,3.4019e+07,3.3985e+07,3.40988e+07,3.40305e+07,3.39965e+07
100,32,0,r,0.9,4.53519e+06,4.52611e+06,4.52158e+06,4.08203e+07,4.07386e+07,4.06978e+07
100,32,1,l,0.1,1.07878e+08,1.07662e+08,1.07554e+08,1.19817e+07,1.19577e+07,1.19458e+07
100,32,1,l,0.5,1.49499e+07,1.49199e+07,1.4905e+07,1.49531e+07,1.49232e+07,1.49082e+07
100,32,1,l,0.9,1.73581e+06,1.73233e+06,1.7306e+06,1.56212e+07,1.559e+07,1.55744e+07
100,32,1,r,0.1,6.53604e+07,6.52296e+07,6.51644e+07,7.25919e+06,7.24465e+06,7.23741e+06
100,32,1,r,0.5,1.13578e+07,1.13464e+07,1.13237e+07,1.13424e+07,1.13311e+07,1.13084e+07
100,32,1,r,0.9,1.33199e+06,1.32932e+06,1.32799e+06,1.20015e+07,1.19774e+07,1.19655e+07
100,32,2,l,0.1,8.94557e+06,4.70112e+06,4.69642e+06,995657,523243,522720
100,32,2,l,0.5,2.58888e+06,1.44604e+06,1.4446e+06,2.59241e+06,1.44801e+06,1.44656e+06
100,32,2,l,0.9,355250,206607,206400,3.1974e+06,1.85955e+06,1.85769e+06
100,32,2,r,0.1,7.71087e+06,4.33785e+06,4.33351e+06,857794,482563,482080
100,32,2,r,0.5,2.29444e+06,1.34359e+06,1.34225e+06,2.29223e+06,1.3423e+06,1.34095e+06
100,32,2,r,0.9,320255,193501,193114,2.87696e+06,1.73828e+06,1.73481e+06
100,32,3,l,0.1,1.16396e+06,1.16396e+06,1.16163e+06,129533,129533,129274
100,32,3,l,0.5,287946,287946,287946,286758,286758,286758
100,32,3,l,0.9,37397.4,37397.4,37360,340616,340616,340275
100,32,3,r,0.1,753525,752016,751264,82535.6,82370.4,82288
100,32,3,r,0.5,414403,413159,412746,413603,412361,411949
100,32,3,r,0.9,36507.6,36398,36361.6,327923,326938,326611
100,512,0,l,0.1,2.66822e+09,2.58275e+09,2.58017e+09,2.96246e+08,2.86757e+08,2.8647e+08
100,512,0,l,0.5,5.34522e+08,5.1633e+08,5.15814e+08,5.3411e+08,5.15932e+08,5.15416e+08
100,512,0,l,0.9,6.6677e+07,6.4074e+07,6.40099e+07,6.00115e+08,5.76687e+08,5.7611e+08
100,512,0,r,0.1,1.16155e+09,1.11388e+09,1.11277e+09,1.28955e+08,1.23663e+08,1.23539e+08
100,512,0,r,0.5,2.74398e+08,2.61488e+08,2.61227e+08,2.74453e+08,2.61541e+08,2.6128e+08
100,512,0,r,0.9,3.51789e+07,3.34517e+07,3.33848e+07,3.17718e+08,3.02119e+08,3.01514e+08
100,512,1,l,0.1,1.76426e+08,1.69892e+08,1.69722e+08,1.96439e+07,1.89163e+07,1.88974e+07
100,512,1,l,0.5,2.13928e+07,2.07504e+07,2.07296e+07,2.14004e+07,2.07578e+07,2.0737e+07
100,512,1,l,0.9,2.50375e+06,2.46365e+06,2.46118e+06,2.24825e+07,2.21224e+07,2.21003e+07
100,512,1,r,0.1,1.57186e+08,1.50735e+08,1.50584e+08,1.74276e+07,1.67124e+07,1.66957e+07
100,512,1,r,0.5,2.00963e+07,1.93319e+07,1.93126e+07,2.02122e+07,1.94434e+07,1.94239e+07
100,512,1,r,0.9,2.26559e+06,2.17034e+06,2.16817e+06,2.04292e+07,1.95703e+07,1.95508e+07
100,512,2,l,0.1,1.23481e+07,4.56878e+06,4.56878e+06,1.35057e+06,499712,499712
100,512,2,l,0.5,3.27814e+06,1.3782e+06,1.37682e+06,3.31825e+06,1.39506e+06,1.39366e+06
100,512,2,l,0.9,460092,199680,199680,4.18436e+06,1.81601e+06,1.81601e+06
100,512,2,r,0.1,1.28516e+07,4.66981e+06,4.66514e+06,1.42048e+06,516151,515635
100,512,2,r,0.5,3.70101e+06,1.49151e+06,1.49151e+06,3.69682e+06,1.48982e+06,1.48982e+06
100,512,2,r,0.9,538656,208998,208998,4.83629e+06,1.87648e+06,1.87648e+06
100,512,3,l,0.1,4.95754e+06,2.43659e+06,2.43415e+06,553711,272144,271872
100,512,3,l,0.5,1.4127e+06,724026,723302,1.4244e+06,730023,729293
100,512,3,l,0.9,355789,160621,160461,3.30087e+06,1.49018e+06,1.48869e+06
100,512,3,r,0.1,5.58849e+06,2.53412e+06,2.53158e+06,618243,280344,280064
100,512,3,r,0.5,1.3364e+06,671545,670874,1.34691e+06,676824,676147
100,512,3,r,0.9,195734,97377.4,97280,1.78077e+06,885929,885043
100,1024,0,l,0.1,4.186e+09,3.88849e+09,3.8846e+09,4.64919e+08,4.31876e+08,4.31444e+08
100,1024,0,l,0.5,8.45815e+08,7.81469e+08,7.80687e+08,8.46088e+08,7.81721e+08,7.8094e+08
100,1024,0,l,0.9,1.04548e+08,9.72221e+07,9.71249e+07,9.41476e+08,8.75506e+08,8.74631e+08
100,1024,0,r,0.1,1.9157e+09,1.75079e+09,1.74904e+09,2.12721e+08,1.94409e+08,1.94214e+08
100,1024,0,r,0.5,4.29536e+08,3.91269e+08,3.90877e+08,4.29552e+08,3.91284e+08,3.90893e+08
100,1024,0,r,0.9,5.38028e+07,4.87942e+07,4.87454e+07,4.85305e+08,4.40126e+08,4.39686e+08
100,1024,1,l,0.1,1.86445e+08,1.70395e+08,1.70224e+08,2.07171e+07,1.89336e+07,1.89147e+07
100,1024,1,l,0.5,2.28295e+07,2.18697e+07,2.18479e+07,2.28133e+07,2.18541e+07,2.18323e+07
100,1024,1,l,0.9,2.40851e+06,2.34341e+06,2.34107e+06,2.15615e+07,2.09788e+07,2.09578e+07
100,1024,1,r,0.1,1.7575e+08,1.60093e+08,1.59933e+08,1.95996e+07,1.78535e+07,1.78356e+07
100,1024,1,r,0.5,2.05941e+07,1.87182e+07,1.86995e+07,2.0656e+07,1.87745e+07,1.87557e+07
100,1024,1,r,0.9,2.41309e+06,2.20052e+06,2.19832e+06,2.21273e+07,2.01781e+07,2.0158e+07
100,1024,2,l,0.1,1.67364e+07,4.9707e+06,4.9707e+06,1.88699e+06,560435,560435
100,1024,2,l,0.5,2.97836e+06,1.21937e+06,1.21815e+06,2.92654e+06,1.19815e+06,1.19695e+06
100,1024,2,l,0.9,622297,250414,250163,5.59736e+06,2.25239e+06,2.25014e+06
100,1024,2,r,0.1,1.5158e+07,4.96163e+06,4.95667e+06,1.6788e+06,549516,548966
100,1024,2,r,0.5,3.92635e+06,1.45275e+06,1.45275e+06,3.97174e+06,1.46954e+06,1.46954e+06
100,1024,2,r,0.9,526178,205005,205210,4.71723e+06,1.83788e+06,1.83972e+06
100,1024,3,l,0.1,6.34953e+06,2.65676e+06,2.65411e+06,727824,304535,304230
100,1024,3,l,0.5,1.43839e+06,646483,645837,1.47648e+06,663601,662938
100,1024,3,l,0.9,258741,120953,120832,2.42076e+06,1.13163e+06,1.1305e+06
100,1024,3,r,0.1,5.77872e+06,2.5394e+06,2.53686e+06,638892,280754,280474
100,1024,3,r,0.5,1.83147e+06,768154,767386,1.7997e+06,754828,754074
100,1024,3,r,0.9,237632,105878,105984,2.15591e+06,960575,961536
100,2048,0,l,0.1,3.99691e+09,7.32901e+08,7.31435e+08,4.43044e+08,8.12395e+07,8.1077e+07
100,2048,0,l,0.5,6.72193e+08,9.01641e+07,9.00739e+07,6.71765e+08,9.01067e+07,9.00166e+07
100,2048,0,l,0.9,7.61505e+07,1.06717e+07,1.06611e+07,6.8673e+08,9.62384e+07,9.61421e+07
100,2048,0,r,0.1,2.56571e+09,6.24091e+08,6.23466e+08,2.85271e+08,6.93903e+07,6.93209e+07
100,2048,0,r,0.5,4.46246e+08,8.26381e+07,8.25555e+07,4.46557e+08,8.26957e+07,8.2613e+07
100,2048,0,r,0.9,5.53006e+07,9.85336e+06,9.84351e+06,4.94057e+08,8.80302e+07,8.79421e+07
100,2048,1,l,0.1,1.91288e+08,1.41745e+08,1.41745e+08,2.12544e+07,1.57495e+07,1.57495e+07
100,2048,1,l,0.5,2.55828e+07,2.04151e+07,2.04151e+07,2.54635e+07,2.03198e+07,2.03198e+07
100,2048,1,l,0.9,2.32148e+06,1.91946e+06,1.91754e+06,2.07453e+07,1.71528e+07,1.71356e+07
100,2048,1,r,0.1,1.86297e+08,1.31471e+08,1.3134e+08,2.06305e+07,1.4559e+07,1.45445e+07
100,2048,1,r,0.5,2.0566e+07,1.46164e+07,1.46018e+07,2.05622e+07,1.46138e+07,1.45992e+07
100,2048,1,r,0.9,2.38751e+06,1.704e+06,1.7023e+06,2.1259e+07,1.51728e+07,1.51577e+07
100,2048,2,l,0.1,1.3238e+07,4.58035e+06,4.58035e+06,1.47918e+06,511795,511795
100,2048,2,l,0.5,3.04065e+06,1.18956e+06,1.19194e+06,3.07096e+06,1.20141e+06,1.20381e+06
100,2048,2,l,0.9,850708,331445,331776,7.45682e+06,2.90525e+06,2.90816e+06
100,2048,2,r,0.1,2.00728e+07,5.0985e+06,5.0985e+06,2.20765e+06,560742,560742
100,2048,2,r,0.5,4.10466e+06,1.35729e+06,1.35864e+06,4.11147e+06,1.35954e+06,1.3609e+06
100,2048,2,r,0.9,489309,171380,172237,4.45207e+06,1.55933e+06,1.56713e+06
100,2048,3,l,0.1,5.57341e+06,5.52325e+06,5.52325e+06,634653,628941,628941
100,2048,3,l,0.5,2.05572e+06,2.0167e+06,2.01871e+06,2.10994e+06,2.06989e+06,2.07196e+06
100,2048,3,l,0.9,241660,239241,239002,2.10288e+06,2.08183e+06,2.07974e+06
100,2048,3,r,0.1,6.51859e+06,5.6116e+06,5.60599e+06,720372,620140,619520
100,2048,3,r,0.5,1.47279e+06,1.26345e+06,1.26218e+06,1.51366e+06,1.2985e+06,1.2972e+06
100,2048,3,r,0.9,223890,194366,194560,2.0612e+06,1.78939e+06,1.79118e+06
100,4096,0,l,0.1,5.03703e+09,8.42026e+08,8.41184e+08,5.59783e+08,9.35774e+07,9.34838e+07
100,4096,0,l,0.5,8.09036e+08,1.21477e+08,1.21355e+08,8.11068e+08,1.21782e+08,1.2166e+08
100,4096,0,l,0.9,1.01034e+08,1.47657e+07,1.47509e+07,9.10911e+08,1.33126e+08,1.32993e+08
100,4096,0,r,0.1,3.67068e+09,7.31198e+08,7.30466e+08,4.09139e+08,8.15001e+07,8.14186e+07
100,4096,0,r,0.5,6.19373e+08,1.17799e+08,1.17681e+08,6.18414e+08,1.17616e+08,1.17499e+08
100,4096,0,r,0.9,7.68022e+07,1.41458e+07,1.41316e+07,6.87672e+08,1.26658e+08,1.26532e+08
100,4096,1,l,0.1,1.7502e+08,1.37566e+08,1.37566e+08,1.94034e+07,1.5251e+07,1.5251e+07
100,4096,1,l,0.5,2.681e+07,2.25698e+07,2.25473e+07,2.65962e+07,2.23898e+07,2.23674e+07
100,4096,1,l,0.9,2.04423e+06,1.78026e+06,1.77848e+06,1.7714e+07,1.54266e+07,1.54112e+07
100,4096,1,r,0.1,1.69448e+08,1.06011e+08,1.05905e+08,1.87315e+07,1.17189e+07,1.17072e+07
100,4096,1,r,0.5,1.9926e+07,1.24811e+07,1.24936e+07,2.00985e+07,1.25892e+07,1.26018e+07
100,4096,1,r,0.9,2.48495e+06,1.5646e+06,1.56303e+06,2.22643e+07,1.40182e+07,1.40042e+07
100,4096,2,l,0.1,1.79357e+07,5.25517e+06,5.25517e+06,1.90401e+06,557875,557875
100,4096,2,l,0.5,4.767e+06,1.88221e+06,1.89727e+06,4.74642e+06,1.87408e+06,1.88908e+06
100,4096,2,l,0.9,817157,325402,327680,7.76504e+06,3.09213e+06,3.11378e+06
100,4096,2,r,0.1,1.59939e+07,4.0345e+06,4.03046e+06,1.84645e+06,465771,465306
100,4096,2,r,0.5,4.44248e+06,1.35496e+06,1.35496e+06,4.28401e+06,1.30662e+06,1.30662e+06
100,4096,2,r,0.9,505366,178512,179405,4.6879e+06,1.65593e+06,1.6642e+06
100,4096,3,l,0.1,6.64812e+06,6.57492e+06,6.56835e+06,744991,736788,736051
100,4096,3,l,0.5,1.6384e+06,1.60733e+06,1.61055e+06,1.59131e+06,1.56114e+06,1.56426e+06
100,4096,3,l,0.9,231294,225506,225280,2.10687e+06,2.05415e+06,2.0521e+06
100,4096,3,r,0.1,7.09418e+06,5.0531e+06,5.05815e+06,780136,555681,556237
100,4096,3,r,0.5,1.8006e+06,1.35045e+06,1.35045e+06,1.76838e+06,1.32628e+06,1.32628e+06
100,4096,3,r,0.9,229624,181138,181862,2.13437e+06,1.68368e+06,1.69042e+06
